PPR_RK,PPR_TIERS,PLAYER NAME,TEAM,PPR_AVG_FAN PTS,AVG_PASS_YDS,AVG_PASS_TDS,AVG_REC,AVG_REC_YDS,AVG_REC_TDS,AVG_RUSH_ATT,AVG_RUSH_YDS,AVG_RUSH_TDS
1,1,CHRISTIAN MCCAFFREY,SF,24.5,0.0,0.0,4.2,35.3,0.4,17.0,91.2,0.9
2,1,CEEDEE LAMB,DAL,23.7,0.0,0.0,7.9,102.9,0.7,0.8,6.6,0.1
3,1,TYREEK HILL,MIA,23.5,0.0,0.0,7.4,112.4,0.8,0.4,0.9,0.0
4,1,AMON-RA ST BROWN,DET,20.7,0.0,0.0,7.4,94.7,0.6,0.3,1.5,0.0
5,1,JAMARR CHASE,CIN,16.4,0.0,0.0,6.3,76.0,0.4,0.2,-0.4,0.0
6,2,JUSTIN JEFFERSON,MIN,20.2,0.0,0.0,6.8,107.4,0.5,0.1,-1.2,0.0
7,2,BIJAN ROBINSON,ATL,14.5,0.0,0.0,3.4,28.6,0.2,12.6,57.4,0.2
8,2,BREECE HALL,NYJ,17.1,0.0,0.0,4.5,34.8,0.2,13.1,58.5,0.3
9,2,AJ BROWN,PHI,17.0,0.0,0.0,6.2,85.6,0.4,0.0,0.0,0.0
10,2,GARRETT WILSON,NYJ,12.5,0.0,0.0,5.6,61.3,0.2,0.2,0.0,0.0
11,2,PUKA NACUA,LAR,17.6,0.0,0.0,6.2,87.4,0.4,0.7,5.2,0.0
12,3,JAHMYR GIBBS,DET,16.1,0.0,0.0,3.5,21.1,0.1,12.1,63.0,0.7
13,3,JONATHAN TAYLOR,IND,15.6,0.0,0.0,1.9,15.3,0.1,16.9,74.1,0.7
14,3,MARVIN HARRISON,ARI,0,0,0,0,0,0,0,0,0
15,3,SAQUON BARKLEY,PHI,15.9,0.0,0.0,2.9,20.0,0.3,17.6,68.7,0.4
16,3,DAVANTE ADAMS,LV,15.6,0.0,0.0,6.1,67.3,0.5,0.0,0.0,0.0
17,3,CHRIS OLAVE,NO,14.5,0.0,0.0,5.4,70.2,0.3,0.0,0.0,0.0
18,3,DRAKE LONDON,ATL,10.9,0.0,0.0,4.3,56.6,0.1,0.0,0.0,0.0
19,3,JOSH ALLEN,BUF,24.2,253.3,1.7,0.0,0.0,0.0,6.5,30.8,0.9
20,3,MICHAEL PITTMAN,IND,15.6,0.0,0.0,6.8,72.0,0.3,0.0,0.0,0.0
21,4,TRAVIS ETIENNE,JAC,16.6,0.0,0.0,3.4,28.0,0.1,15.7,59.3,0.6
22,4,BRANDON AIYUK,SF,15.6,0.0,0.0,4.7,83.9,0.4,0.0,0.0,0.0
23,4,JALEN HURTS,PHI,21.9,226.9,1.4,0.0,0.0,0.0,9.2,35.6,0.9
24,4,JAYLEN WADDLE,MIA,14.2,0.0,0.0,5.1,72.4,0.3,0.2,0.9,0.0
25,4,MIKE EVANS,TB,16.6,0.0,0.0,4.6,73.8,0.8,0.0,0.0,0.0
26,4,KYREN WILLIAMS,LAR,21.3,0.0,0.0,2.7,17.2,0.3,19.0,95.3,1.0
27,4,SAM LAPORTA,DET,14.1,0.0,0.0,5.1,52.3,0.6,0.1,0.2,0.0
28,4,NICO COLLINS,HOU,17.4,0.0,0.0,5.3,86.5,0.5,0.1,0.5,0.0
29,4,PATRICK MAHOMES,KC,18.4,261.4,1.7,0.0,0.0,0.0,4.7,24.3,0.0
30,4,LAMAR JACKSON,BAL,21.1,229.9,1.5,0.0,0.0,0.0,9.3,51.3,0.3
31,4,TRAVIS KELCE,KC,14.6,0.0,0.0,6.2,65.6,0.3,0.0,0.0,0.0
32,4,DJ MOORE,CHI,16.9,0.0,0.0,5.6,80.2,0.5,0.2,1.2,0.1
33,4,COOPER KUPP,LAR,13.7,0.0,0.0,4.9,61.4,0.4,0.1,-0.3,0.0
34,5,DEVONTA SMITH,PHI,14.2,0.0,0.0,5.1,66.6,0.4,0.0,0.0,0.0
35,5,ISIAH PACHECO,KC,15.3,0.0,0.0,3.1,17.4,0.1,14.6,66.8,0.5
36,5,DK METCALF,SEA,14.1,0.0,0.0,4.1,69.6,0.5,0.0,0.0,0.0
37,5,DEEBO SAMUEL,SF,16.2,0.0,0.0,4.0,59.5,0.5,2.5,15.0,0.3
38,5,DEVON ACHANE,MIA,17.3,0.0,0.0,2.5,17.9,0.3,9.4,72.7,0.7
39,5,DERRICK HENRY,BAL,14.5,0.0,0.0,1.6,12.6,0.0,16.5,68.6,0.7
40,5,RACHAAD WHITE,TB,15.8,0.0,0.0,3.8,32.3,0.2,16.0,58.2,0.4
41,5,MALIK NABERS,NYG,0,0,0,0,0,0,0,0,0
42,5,AMARI COOPER,CLE,15.1,0.0,0.0,4.8,83.3,0.3,0.0,0.0,0.0
43,5,STEFON DIGGS,HOU,16.1,0.0,0.0,6.3,69.6,0.5,0.1,0.3,0.0
44,5,ALVIN KAMARA,NO,17.9,0.0,0.0,5.8,35.8,0.1,13.8,53.4,0.4
45,6,JAMES COOK,BUF,13.7,0.0,0.0,2.6,26.2,0.2,13.9,66.0,0.1
46,6,ANTHONY RICHARDSON,IND,18.4,144.3,0.8,0.0,0.0,0.0,6.3,34.0,1.0
47,6,JOE MIXON,HOU,15.7,0.0,0.0,3.1,22.1,0.2,15.1,60.8,0.5
48,6,TREY MCBRIDE,ARI,10.7,0.0,0.0,4.8,48.5,0.2,0.0,0.0,0.0
49,6,JOSH JACOBS,GB,13.9,0.0,0.0,2.8,22.8,0.0,17.9,61.9,0.5
50,6,ZAY FLOWERS,BAL,12.9,0.0,0.0,4.8,53.6,0.3,0.5,3.5,0.1
51,6,CJ STROUD,HOU,18.7,273.9,1.5,0.0,0.0,0.0,2.6,11.1,0.2
52,6,CHRISTIAN KIRK,JAC,12.5,0.0,0.0,4.8,65.6,0.3,0.1,0.5,0.0
53,6,TEE HIGGINS,CIN,11.5,0.0,0.0,3.5,54.7,0.4,0.0,0.0,0.0
54,6,KEENAN ALLEN,CHI,21.5,0.0,0.0,8.3,95.6,0.5,0.2,0.5,0.0
55,6,GEORGE PICKENS,PIT,12.3,0.0,0.0,3.7,67.1,0.3,0.2,1.1,0.0
56,6,KENNETH WALKER,SEA,13.3,0.0,0.0,1.9,17.3,0.1,14.6,60.3,0.5
57,6,TERRY MCLAURIN,WAS,12.0,0.0,0.0,4.6,58.9,0.2,0.0,0.0,0.0
58,6,MARK ANDREWS,BAL,13.5,0.0,0.0,4.5,54.4,0.6,0.1,0.0,0.0
59,6,KYLER MURRAY,ARI,18.9,224.9,1.3,0.0,0.0,0.0,5.5,30.5,0.4
60,6,JOE BURROW,CIN,15.3,230.9,1.5,0.0,0.0,0.0,3.1,8.8,0.0
61,6,NATHANIEL DELL,HOU,15.0,0.0,0.0,4.3,64.5,0.6,1.0,4.6,0.0
62,6,DAK PRESCOTT,DAL,20.7,265.6,2.1,0.0,0.0,0.0,3.2,14.2,0.1
63,6,CHRIS GODWIN,TB,12.3,0.0,0.0,4.9,60.2,0.1,0.2,2.2,0.1
64,6,RHAMONDRE STEVENSON,NE,12.1,0.0,0.0,3.2,19.8,0.0,13.0,51.6,0.3
65,6,AARON JONES,MIN,12.3,0.0,0.0,2.7,21.2,0.1,12.9,59.6,0.2
66,7,JORDAN LOVE,GB,19.4,244.6,1.9,0.0,0.0,0.0,2.9,14.5,0.2
67,7,DALTON KINCAID,BUF,9.4,0.0,0.0,4.6,42.1,0.1,0.0,0.0,0.0
68,7,DIONTAE JOHNSON,CAR,11.7,0.0,0.0,3.9,55.2,0.4,0.0,0.0,0.0
69,7,JAMES CONNER,ARI,15.5,0.0,0.0,2.1,12.7,0.2,16.0,80.0,0.5
70,7,DAVID MONTGOMERY,DET,14.8,0.0,0.0,1.1,8.4,0.0,15.6,72.5,0.9
71,7,CALVIN RIDLEY,TEN,13.5,0.0,0.0,4.5,59.8,0.5,0.5,1.4,0.0
72,7,RASHEE RICE,KC,13.3,0.0,0.0,4.9,58.6,0.4,0.1,-0.2,0.0
73,7,EVAN ENGRAM,JAC,13.5,0.0,0.0,6.7,56.6,0.2,0.0,0.0,0.0
74,7,ZAMIR WHITE,LV,4.9,0.0,0.0,1.0,6.5,0.0,6.9,30.1,0.1
75,7,BROCK PURDY,SF,19.2,267.5,1.9,0.0,0.0,0.0,2.4,9.0,0.1
76,7,DANDRE SWIFT,CHI,12.5,0.0,0.0,2.4,13.4,0.1,14.3,65.6,0.3
77,7,JAYDEN REED,GB,13.6,0.0,0.0,4.0,49.6,0.5,0.7,7.4,0.1
78,7,NAJEE HARRIS,PIT,11.5,0.0,0.0,1.7,10.0,0.0,15.0,60.9,0.5
79,7,JAYLEN WARREN,PIT,11.6,0.0,0.0,3.6,21.8,0.0,8.8,46.1,0.2
80,7,JAYDEN DANIELS,WAS,0,0,0,0,0,0,0,0,0
81,7,DEANDRE HOPKINS,TEN,13.2,0.0,0.0,4.4,62.2,0.4,0.1,0.5,0.0
82,7,MARQUISE BROWN,KC,9.6,0.0,0.0,3.6,41.0,0.3,0.1,1.6,0.0
83,7,KYLE PITTS,ATL,8.1,0.0,0.0,3.1,39.2,0.2,0.1,-0.2,0.0
84,7,TUA TAGOVAILOA,MIA,16.7,272.0,1.7,0.0,0.0,0.0,2.1,4.4,0.0
85,7,RAHEEM MOSTERT,MIA,17.8,0.0,0.0,1.7,11.7,0.2,13.9,67.5,1.2
86,7,GEORGE KITTLE,SF,12.7,0.0,0.0,4.1,63.8,0.4,0.1,0.1,0.0
87,7,JARED GOFF,DET,17.8,269.1,1.8,0.0,0.0,0.0,1.9,1.2,0.1
88,7,TONY POLLARD,TEN,13.1,0.0,0.0,3.2,18.3,0.0,14.8,59.1,0.4
89,7,JAXON SMITH-NJIGBA,SEA,8.8,0.0,0.0,3.7,36.9,0.2,0.0,0.0,0.0
90,8,JAVONTE WILLIAMS,DEN,11.2,0.0,0.0,2.9,14.3,0.1,13.6,48.4,0.2
91,8,TYJAE SPEARS,TEN,9.0,0.0,0.0,3.1,22.6,0.1,5.9,26.6,0.1
92,8,CALEB WILLIAMS,CHI,0,0,0,0,0,0,0,0,0
93,8,JAKE FERGUSON,DAL,10.4,0.0,0.0,4.2,44.8,0.3,0.0,0.0,0.0
94,8,DAVID NJOKU,CLE,12.6,0.0,0.0,5.1,55.1,0.4,0.0,0.0,0.0
95,8,TREVOR LAWRENCE,JAC,17.3,251.0,1.3,0.0,0.0,0.0,4.4,21.2,0.3
96,8,BRIAN ROBINSON,WAS,13.2,0.0,0.0,2.4,24.5,0.3,11.9,48.9,0.3
97,8,LADD MCCONKEY,LAC,0,0,0,0,0,0,0,0,0
98,8,JORDAN ADDISON,MIN,13.0,0.0,0.0,4.1,53.6,0.6,0.1,0.1,0.0
99,8,XAVIER WORTHY,KC,0,0,0,0,0,0,0,0,0
100,8,COURTLAND SUTTON,DEN,11.9,0.0,0.0,3.7,48.3,0.6,0.0,0.0,0.0
101,8,JUSTIN HERBERT,LAC,18.6,241.1,1.5,0.0,0.0,0.0,4.0,17.5,0.2
102,8,DEVIN SINGLETARY,NYG,9.8,0.0,0.0,1.8,11.4,0.0,12.7,52.8,0.2
103,8,CHRISTIAN WATSON,GB,11.3,0.0,0.0,3.1,46.9,0.6,0.4,1.2,0.0
104,8,DALLAS GOEDERT,PHI,9.7,0.0,0.0,4.2,42.3,0.2,0.1,0.1,0.0
105,8,ZACK MOSS,CIN,12.1,0.0,0.0,1.9,13.7,0.1,13.1,56.7,0.4
106,8,ROME ODUNZE,CHI,0,0,0,0,0,0,0,0,0
107,8,AUSTIN EKELER,WAS,13.2,0.0,0.0,3.6,31.1,0.1,12.8,44.9,0.4
108,8,BROCK BOWERS,LV,0,0,0,0,0,0,0,0,0
109,8,KIRK COUSINS,ATL,19.3,291.4,2.3,0.0,0.0,0.0,1.8,3.1,0.0
110,8,TYLER LOCKETT,SEA,11.9,0.0,0.0,4.6,52.6,0.3,0.0,0.0,0.0
111,8,JONATHON BROOKS,CAR,0,0,0,0,0,0,0,0,0
112,8,MATTHEW STAFFORD,LAR,16.9,264.3,1.6,0.0,0.0,0.0,1.4,4.3,0.0
113,8,PAT FREIERMUTH,PIT,6.4,0.0,0.0,2.7,25.7,0.2,0.0,0.0,0.0
114,8,CHASE BROWN,CIN,4.5,0.0,0.0,1.2,13.0,0.1,3.7,14.9,0.0
115,9,EZEKIEL ELLIOTT,DAL,10.3,0.0,0.0,3.0,18.4,0.1,10.8,37.8,0.2
116,9,JAKOBI MEYERS,LV,13.7,0.0,0.0,4.4,50.4,0.5,0.3,1.5,0.1
117,9,BRIAN THOMAS,JAC,0,0,0,0,0,0,0,0,0
118,9,AARON RODGERS,NYJ,0.0,0.0,0.0,0.0,0.0,0.0,0.0,0.0,0.0
119,9,DALTON SCHULTZ,HOU,10.0,0.0,0.0,3.9,42.3,0.3,0.0,0.0,0.0
120,9,JAMESON WILLIAMS,DET,6.7,0.0,0.0,2.0,29.5,0.2,0.3,2.4,0.1
121,9,CURTIS SAMUEL,BUF,9.8,0.0,0.0,3.9,38.3,0.3,0.4,2.4,0.1
122,9,TJ HOCKENSON,MIN,14.6,0.0,0.0,6.3,64.0,0.3,0.0,0.0,0.0
123,9,JEROME FORD,CLE,12.4,0.0,0.0,2.6,18.8,0.3,12.0,47.8,0.2
124,9,GUS EDWARDS,LAC,11.0,0.0,0.0,0.7,10.6,0.0,11.6,47.6,0.8
125,9,DESHAUN WATSON,CLE,15.1,185.8,1.2,0.0,0.0,0.0,4.3,23.7,0.2
126,9,COLE KMET,CHI,10.7,0.0,0.0,4.3,42.3,0.4,0.2,0.1,0.0
127,9,NICK CHUBB,CLE,11.6,0.0,0.0,2.0,10.5,0.0,14.0,85.0,0.0
128,9,KEON COLEMAN,BUF,0,0,0,0,0,0,0,0,0
129,9,BAKER MAYFIELD,TB,16.7,237.9,1.6,0.0,0.0,0.0,3.6,9.6,0.1
130,9,JOSH PALMER,LAC,9.7,0.0,0.0,3.5,52.8,0.2,0.1,0.5,0.0
131,9,ZACH CHARBONNET,SEA,6.6,0.0,0.0,2.1,13.1,0.0,6.8,28.9,0.1
132,9,GENO SMITH,SEA,15.8,241.6,1.3,0.0,0.0,0.0,2.5,10.3,0.1
133,9,TREY BENSON,ARI,0,0,0,0,0,0,0,0,0
134,9,JOSH DOWNS,IND,9.2,0.0,0.0,4.0,45.4,0.1,0.0,0.0,0.0
135,9,RASHID SHAHEED,NO,9.7,0.0,0.0,2.9,44.9,0.3,0.4,2.3,0.0
136,9,BRANDIN COOKS,DAL,10.8,0.0,0.0,3.4,41.1,0.5,0.3,2.2,0.0
137,9,MIKE WILLIAMS,NYJ,16.7,0.0,0.0,6.3,83.0,0.3,0.3,1.0,0.0
138,9,ROMEO DOUBS,GB,10.3,0.0,0.0,3.5,39.6,0.5,0.0,0.0,0.0
139,9,WILL LEVIS,TEN,11.8,200.9,0.9,0.0,0.0,0.0,2.8,6.3,0.1
140,9,LUKE MUSGRAVE,GB,6.8,0.0,0.0,3.1,32.0,0.1,0.0,0.0,0.0
141,9,CHUBA HUBBARD,CAR,10.7,0.0,0.0,2.3,13.7,0.0,14.0,53.1,0.3
142,9,ANTONIO GIBSON,NE,8.0,0.0,0.0,3.0,24.3,0.1,4.1,16.6,0.1
143,9,BLAKE CORUM,LAR,0,0,0,0,0,0,0,0,0
144,9,JALEEL MCLAUGHLIN,DEN,6.2,0.0,0.0,1.8,9.4,0.1,4.5,24.1,0.1
145,9,KHALIL SHAKIR,BUF,6.7,0.0,0.0,2.3,35.9,0.1,0.1,0.6,0.0
146,9,JERRY JEUDY,CLE,8.9,0.0,0.0,3.4,47.4,0.1,0.0,0.0,0.0
147,9,JAHAN DOTSON,WAS,7.3,0.0,0.0,2.9,30.5,0.2,0.0,0.0,0.0
148,9,HUNTER HENRY,NE,8.6,0.0,0.0,3.0,29.9,0.4,0.0,0.0,0.0
149,10,KENDRE MILLER,NO,5.4,0.0,0.0,1.3,14.6,0.0,5.1,19.5,0.1
150,10,TY CHANDLER,MIN,6.3,0.0,0.0,1.3,9.9,0.0,6.4,28.8,0.2
151,10,TYLER ALLGEIER,ATL,8.1,0.0,0.0,1.1,11.4,0.1,10.9,40.2,0.2
152,10,RICO DOWDLE,DAL,5.7,0.0,0.0,1.1,9.0,0.1,5.6,22.6,0.1
153,10,ADAM THIELEN,CAR,13.6,0.0,0.0,6.1,59.6,0.2,0.1,0.4,0.0
154,10,DEREK CARR,NO,14.7,228.1,1.5,0.0,0.0,0.0,1.9,2.4,0.0
155,10,GABRIEL DAVIS,JAC,9.5,0.0,0.0,2.6,43.9,0.4,0.1,-0.1,0.0
156,10,DANIEL JONES,NYG,10.5,151.5,0.3,0.0,0.0,0.0,6.7,34.3,0.2
157,10,MARSHAWN LLOYD,GB,0,0,0,0,0,0,0,0,0
158,10,DEMARIO DOUGLAS,NE,7.7,0.0,0.0,3.5,40.1,0.0,0.6,2.9,0.0
159,10,BALTIMORE RAVENS,BAL,10.2,0.0,0.0,0.0,0.0,0.0,0.0,0.0,0.0
160,10,JK DOBBINS,LAC,11.7,0.0,0.0,2.0,15.0,0.0,8.0,22.0,1.0
161,10,CADE OTTON,TB,6.9,0.0,0.0,2.8,26.8,0.2,0.0,0.0,0.0
162,10,DONTAYVION WICKS,GB,8.0,0.0,0.0,2.6,38.7,0.3,0.1,0.1,0.0
163,10,BRYCE YOUNG,CAR,10.4,179.8,0.7,0.0,0.0,0.0,2.4,15.8,0.0
164,10,ADONAI MITCHELL,IND,0,0,0,0,0,0,0,0,0
165,10,KHALIL HERBERT,CHI,9.4,0.0,0.0,1.7,11.2,0.1,11.0,50.9,0.2
166,10,SAN FRANCISCO 49ERS,SF,8.3,0.0,0.0,0.0,0.0,0.0,0.0,0.0,0.0
167,10,ROSCHON JOHNSON,CHI,6.8,0.0,0.0,2.3,13.9,0.0,5.4,23.5,0.1
168,10,MICHAEL WILSON,ARI,8.8,0.0,0.0,2.9,43.5,0.2,0.0,0.0,0.0
169,10,TYLER CONKLIN,NYJ,7.2,0.0,0.0,3.6,36.5,0.0,0.1,0.0,0.0
170,10,DALLAS COWBOYS,DAL,10.5,0.0,0.0,0.0,0.0,0.0,0.0,0.0,0.0
171,10,WANDALE ROBINSON,NYG,8.9,0.0,0.0,4.0,35.0,0.1,0.6,5.8,0.1
172,10,CHIGOZIEM OKONKWO,TEN,6.7,0.0,0.0,3.2,31.1,0.1,0.1,0.4,0.0
173,10,NEW YORK JETS,NYJ,9.1,0.0,0.0,0.0,0.0,0.0,0.0,0.0,0.0
174,10,JALYNN POLK,NE,0,0,0,0,0,0,0,0,0
175,10,CLEVELAND BROWNS,CLE,9.0,0.0,0.0,0.0,0.0,0.0,0.0,0.0,0.0
176,10,RASHOD BATEMAN,BAL,4.8,0.0,0.0,2.0,22.9,0.1,0.1,1.1,0.0
177,10,XAVIER LEGETTE,CAR,0,0,0,0,0,0,0,0,0
178,10,RUSSELL WILSON,PIT,17.7,204.7,1.7,0.0,0.0,0.0,5.3,22.7,0.2
179,10,DARNELL MOONEY,ATL,5.3,0.0,0.0,2.1,27.6,0.1,0.1,0.3,0.0
180,10,KINGSTON DAVIS,BUF,0,0,0,0,0,0,0,0,0
181,10,MARVIN MIMS,DEN,4.4,0.0,0.0,1.4,23.6,0.1,0.6,1.9,0.0
182,10,QUENTIN JOHNSTON,LAC,5.5,0.0,0.0,2.2,25.4,0.1,0.2,0.5,0.0
183,11,JAYLEN WRIGHT,MIA,0,0,0,0,0,0,0,0,0
184,11,JERMAINE BURTON,CIN,0,0,0,0,0,0,0,0,0
185,11,PITTSBURGH STEELERS,PIT,8.4,0.0,0.0,0.0,0.0,0.0,0.0,0.0,0.0
186,11,JUSTIN TUCKER,BAL,9.4,0.0,0.0,0.0,0.0,0.0,0.0,0.0,0.0
187,11,KANSAS CITY CHIEFS,KC,7.9,0.0,0.0,0.0,0.0,0.0,0.0,0.0,0.0
188,11,BUFFALO BILLS,BUF,9.4,0.0,0.0,0.0,0.0,0.0,0.0,0.0,0.0
189,11,ELIJAH MITCHELL,SF,4.3,0.0,0.0,0.5,1.3,0.0,6.8,25.5,0.2
190,11,JUWAN JOHNSON,NO,7.5,0.0,0.0,2.8,28.3,0.3,0.0,0.0,0.0
191,11,BRANDON AUBREY,DAL,10.6,0.0,0.0,0.0,0.0,0.0,0.0,0.0,0.0
192,11,NOAH FANT,SEA,4.3,0.0,0.0,1.9,24.4,0.0,0.0,0.0,0.0
193,11,PHILADELPHIA EAGLES,PHI,5.9,0.0,0.0,0.0,0.0,0.0,0.0,0.0,0.0
194,11,HARRISON BUTKER,KC,9.1,0.0,0.0,0.0,0.0,0.0,0.0,0.0,0.0
195,11,TAYSOM HILL,NO,9.0,0.0,0.0,2.1,18.2,0.1,5.1,25.1,0.3
196,11,HOUSTON TEXANS,HOU,7.7,0.0,0.0,0.0,0.0,0.0,0.0,0.0,0.0
197,11,NEW ORLEANS SAINTS,NO,8.4,0.0,0.0,0.0,0.0,0.0,0.0,0.0,0.0
198,11,BEN SINNOTT,WAS,0,0,0,0,0,0,0,0,0
199,11,TROY FRANKLIN,DEN,0,0,0,0,0,0,0,0,0
200,11,JASON SANDERS,MIA,8.6,0.0,0.0,0.0,0.0,0.0,0.0,0.0,0.0
201,11,ROMAN WILSON,PIT,0,0,0,0,0,0,0,0,0
202,11,ELIJAH MOORE,CLE,7.8,0.0,0.0,3.5,37.6,0.1,0.5,0.6,0.0
203,11,RICKY PEARSALL,SF,0,0,0,0,0,0,0,0,0
204,11,DEMARCUS ROBINSON,LAR,6.7,0.0,0.0,2.0,28.5,0.3,0.1,1.8,0.0
205,11,DAMEON PIERCE,HOU,5.9,0.0,0.0,0.9,7.2,0.0,10.4,29.7,0.1
206,11,ISAIAH LIKELY,BAL,5.9,0.0,0.0,1.8,24.2,0.3,0.0,0.0,0.0
207,11,MIAMI DOLPHINS,MIA,8.9,0.0,0.0,0.0,0.0,0.0,0.0,0.0,0.0
208,11,TYLER BASS,BUF,7.8,0.0,0.0,0.0,0.0,0.0,0.0,0.0,0.0
209,11,JAKE ELLIOTT,PHI,9.2,0.0,0.0,0.0,0.0,0.0,0.0,0.0,0.0
210,11,KAIMI FAIRBAIRN,HOU,9.5,0.0,0.0,0.0,0.0,0.0,0.0,0.0,0.0
211,11,JAKE MOODY,SF,7.7,0.0,0.0,0.0,0.0,0.0,0.0,0.0,0.0
212,11,JAVON BAKER,NE,0,0,0,0,0,0,0,0,0
213,11,CHICAGO BEARS,CHI,7.1,0.0,0.0,0.0,0.0,0.0,0.0,0.0,0.0
214,11,TUCKER KRAFT,GB,4.6,0.0,0.0,1.8,20.9,0.1,0.0,0.0,0.0
215,11,MARKEISE IRVING,TB,0,0,0,0,0,0,0,0,0
216,11,YOUNGHOE KOO,ATL,8.1,0.0,0.0,0.0,0.0,0.0,0.0,0.0,0.0
217,11,KIMANI VIDAL,LAC,0,0,0,0,0,0,0,0,0
218,11,DARIUS SLAYTON,NYG,8.9,0.0,0.0,2.9,45.3,0.2,0.0,0.0,0.0
219,11,JALIN HYATT,NYG,3.5,0.0,0.0,1.4,21.9,0.0,0.0,0.0,0.0
220,11,JJ MCCARTHY,MIN,0,0,0,0,0,0,0,0,0
221,11,TYLER BOYD,TEN,8.6,0.0,0.0,3.9,39.2,0.1,0.1,0.6,0.0
222,11,EVAN MCPHERSON,CIN,8.2,0.0,0.0,0.0,0.0,0.0,0.0,0.0,0.0
223,11,KENNY GAINWELL,PHI,6.1,0.0,0.0,1.9,11.4,0.0,5.3,22.8,0.1
224,11,BO NIX,DEN,0,0,0,0,0,0,0,0,0
225,11,MIKE GESICKI,CIN,3.8,0.0,0.0,1.7,14.4,0.1,0.0,0.0,0.0
226,11,AUDRIC ESTIME,DEN,0,0,0,0,0,0,0,0,0
227,11,CLYDE EDWARDS-HELAIRE,KC,4.7,0.0,0.0,1.1,12.5,0.1,4.7,14.9,0.1
228,11,MILES SANDERS,CAR,5.5,0.0,0.0,1.7,9.6,0.0,8.1,27.0,0.1
229,11,ALEXANDER MATTISON,LV,8.3,0.0,0.0,1.9,12.0,0.2,11.3,43.8,0.0
230,11,DONTA FOREMAN,CLE,10.1,0.0,0.0,1.2,8.6,0.1,12.1,47.2,0.4
231,12,AJ DILLON,GB,7.8,0.0,0.0,1.5,14.9,0.0,11.9,40.9,0.1
232,12,ZAY JONES,ARI,8.7,0.0,0.0,3.8,35.7,0.2,0.0,0.0,0.0
233,12,KEATON MITCHELL,BAL,10.0,0.0,0.0,1.3,13.3,0.0,6.7,56.6,0.3
234,12,MALACHI CORLEY,NYJ,0,0,0,0,0,0,0,0,0
235,12,BRAELON ALLEN,NYJ,0,0,0,0,0,0,0,0,0
236,12,MATT GAY,IND,9.2,0.0,0.0,0.0,0.0,0.0,0.0,0.0,0.0
237,12,DRAKE MAYE,NE,0,0,0,0,0,0,0,0,0
238,12,KENDRICK BOURNE,NE,12.5,0.0,0.0,4.6,50.8,0.5,0.1,0.5,0.0
239,12,CAMERON DICKER,LAC,8.9,0.0,0.0,0.0,0.0,0.0,0.0,0.0,0.0
240,12,TYRONE TRACY,NYG,0,0,0,0,0,0,0,0,0
241,12,MICHAEL MAYER,LV,5.1,0.0,0.0,1.9,21.7,0.1,0.0,0.0,0.0
242,12,DUSTIN HOPKINS,CLE,9.9,0.0,0.0,0.0,0.0,0.0,0.0,0.0,0.0
243,12,MINNESOTA VIKINGS,MIN,7.3,0.0,0.0,0.0,0.0,0.0,0.0,0.0,0.0
244,12,JUSTICE HILL,BAL,6.8,0.0,0.0,1.8,12.9,0.1,5.3,24.2,0.2
245,12,RONDALE MOORE,ATL,6.2,0.0,0.0,2.4,20.7,0.1,1.6,10.5,0.1
246,12,ODELL BECKHAM,MIA,7.7,0.0,0.0,2.5,40.4,0.2,0.0,0.0,0.0
247,12,JELANI WOODS,IND,0,0,0,0,0,0,0,0,0
248,12,INDIANAPOLIS COLTS,IND,8.2,0.0,0.0,0.0,0.0,0.0,0.0,0.0,0.0
249,12,CAIRO SANTOS,CHI,9.3,0.0,0.0,0.0,0.0,0.0,0.0,0.0,0.0
250,12,JONATHAN MINGO,CAR,5.7,0.0,0.0,2.9,27.9,0.0,0.0,0.0,0.0
251,12,JAMAAL WILLIAMS,NO,4.7,0.0,0.0,1.4,4.8,0.0,8.2,23.5,0.1
252,12,JALEN MCMILLAN,TB,0,0,0,0,0,0,0,0,0
253,12,DJ CHARK,LAC,7.7,0.0,0.0,2.3,35.0,0.3,0.0,0.0,0.0
254,12,JASON MYERS,SEA,9.3,0.0,0.0,0.0,0.0,0.0,0.0,0.0,0.0
255,12,TREYLON BURKS,TEN,3.6,0.0,0.0,1.5,20.1,0.0,0.5,1.6,0.0
256,12,JUSTIN FIELDS,PIT,18.4,197.1,1.2,0.0,0.0,0.0,9.5,50.5,0.3
257,12,JATAVION SANDERS,CAR,0,0,0,0,0,0,0,0,0
258,12,AT PERRY,NO,6.1,0.0,0.0,1.2,24.6,0.4,0.0,0.0,0.0
259,12,DAWSON KNOX,BUF,4.5,0.0,0.0,1.8,15.5,0.2,0.0,0.0,0.0
260,12,SAMAJE PERINE,DEN,7.1,0.0,0.0,2.9,26.8,0.0,3.1,14.0,0.1
261,12,CARTAVIOUS BIGSBY,JAC,1.4,0.0,0.0,0.1,0.4,0.0,3.1,8.3,0.1
262,12,DETROIT LIONS,DET,6.3,0.0,0.0,0.0,0.0,0.0,0.0,0.0,0.0
263,12,GERALD EVERETT,CHI,7.4,0.0,0.0,3.4,27.4,0.2,0.2,0.7,0.0
264,12,SAM DARNOLD,MIN,2.4,29.7,0.2,0.0,0.0,0.0,2.1,1.5,0.1
265,12,TREY PALMER,TB,5.6,0.0,0.0,2.3,22.6,0.2,0.2,1.3,0.0
266,12,JONNU SMITH,MIA,7.3,0.0,0.0,2.9,34.2,0.2,0.1,0.0,0.0
267,12,DEVONTEZ WALKER,BAL,0,0,0,0,0,0,0,0,0
268,12,ANDREI IOSIVAS,CIN,3.2,0.0,0.0,0.9,7.3,0.3,0.0,0.0,0.0
269,12,WILL SHIPLEY,PHI,0,0,0,0,0,0,0,0,0
270,12,CEDRIC TILLMAN,CLE,3.2,0.0,0.0,1.5,16.0,0.0,0.1,0.6,0.0
271,12,DANIEL CARLSON,LV,7.1,0.0,0.0,0.0,0.0,0.0,0.0,0.0,0.0
272,12,GARDNER MINSHEW,LV,12.8,206.6,0.9,0.0,0.0,0.0,2.1,6.3,0.2
273,12,ALEC PIERCE,IND,5.6,0.0,0.0,1.9,30.2,0.1,0.0,0.0,0.0
274,12,JOSH REYNOLDS,DEN,7.6,0.0,0.0,2.4,35.8,0.3,0.0,0.0,0.0
275,12,JACKSONVILLE JAGUARS,JAC,7.1,0.0,0.0,0.0,0.0,0.0,0.0,0.0,0.0
276,12,CINCINNATI BENGALS,CIN,6.9,0.0,0.0,0.0,0.0,0.0,0.0,0.0,0.0
277,12,ZACH ERTZ,WAS,7.4,0.0,0.0,3.9,26.7,0.1,0.0,0.0,0.0
278,12,KJ OSBORN,NE,7.5,0.0,0.0,3.0,33.8,0.2,0.0,0.0,0.0
279,12,DENVER BRONCOS,DEN,6.9,0.0,0.0,0.0,0.0,0.0,0.0,0.0,0.0
280,12,TYLER HIGBEE,LAR,7.2,0.0,0.0,3.1,33.0,0.1,0.0,0.0,0.0
281,13,DYLAN LAUBE,LV,0,0,0,0,0,0,0,0,0
282,13,EVAN HULL,IND,1.7,0.0,0.0,1.0,6.0,0.0,1.0,1.0,0.0
283,13,GREG DULCICH,DEN,2.8,0.0,0.0,1.5,12.5,0.0,0.0,0.0,0.0
284,13,LUKE MCCAFFREY,WAS,0,0,0,0,0,0,0,0,0
285,13,TREY SERMON,IND,1.7,0.0,0.0,0.3,1.1,0.0,2.9,13.3,0.0
286,13,BLAKE GRUPE,NO,8.8,0.0,0.0,0.0,0.0,0.0,0.0,0.0,0.0
287,13,MICHAEL CARTER,ARI,3.9,0.0,0.0,1.6,6.7,0.1,2.0,12.5,0.0
288,13,DEUCE VAUGHN,DAL,2.1,0.0,0.0,1.0,5.7,0.0,3.3,5.7,0.0
289,13,AIDAN OCONNELL,LV,12.1,201.6,1.1,0.0,0.0,0.0,1.5,1.0,0.1
290,13,JORDAN MASON,SF,2.8,0.0,0.0,0.2,1.9,0.0,2.5,12.9,0.2
291,13,NOAH BROWN,HOU,10.2,0.0,0.0,3.3,56.7,0.2,0.1,-0.1,0.0
292,13,KADARIUS TONEY,KC,4.1,0.0,0.0,2.1,13.0,0.1,0.8,2.4,0.0
293,13,ISAAC GUERENDO,SF,0,0,0,0,0,0,0,0,0
294,13,DERNEST JOHNSON,JAC,2.0,0.0,0.0,0.6,8.2,0.0,2.4,6.4,0.0
295,13,CORDARRELLE PATTERSON,PIT,2.6,0.0,0.0,0.6,2.7,0.1,3.6,12.9,0.0
296,13,CHRISTOPHER RODRIGUEZ,WAS,3.4,0.0,0.0,0.2,1.1,0.0,4.6,22.5,0.2
297,13,GREG ZUERLEIN,NYJ,8.9,0.0,0.0,0.0,0.0,0.0,0.0,0.0,0.0
298,13,DANIEL BELLINGER,NYG,3.0,0.0,0.0,1.5,15.0,0.0,0.0,0.0,0.0
299,13,BRENDEN RICE,LAC,0,0,0,0,0,0,0,0,0
300,13,JEFFERY WILSON,MIA,4.1,0.0,0.0,1.4,8.5,0.0,4.1,18.8,0.0
301,13,ERIC GRAY,NYG,0.9,0.0,0.0,0.4,1.6,0.0,1.2,3.4,0.0
302,13,PIERRE STRONG,CLE,2.5,0.0,0.0,0.3,2.8,0.0,3.7,17.1,0.1
303,13,GREG DORTCH,ARI,4.0,0.0,0.0,1.5,17.5,0.1,0.1,0.3,0.0
304,13,GREEN BAY PACKERS,GB,6.8,0.0,0.0,0.0,0.0,0.0,0.0,0.0,0.0
305,13,JACOBY BRISSETT,NE,7.6,74.7,1.0,0.0,0.0,0.0,1.0,6.3,0.0
306,13,COLBY PARKINSON,LAR,3.6,0.0,0.0,1.5,14.5,0.1,0.0,0.0,0.0
307,13,CHASE EDMONDS,TB,3.1,0.0,0.0,1.1,6.2,0.0,3.8,13.5,0.0
308,13,ISRAEL ABANIKANDA,NYJ,2.3,0.0,0.0,1.0,6.1,0.0,3.1,10.0,0.0
309,13,EMARI DEMERCADO,ARI,5.2,0.0,0.0,1.5,8.5,0.0,4.1,20.3,0.1
310,13,NEW ENGLAND PATRIOTS,NE,6.4,0.0,0.0,0.0,0.0,0.0,0.0,0.0,0.0
311,13,MICHAEL THOMAS,FA,9.0,0.0,0.0,3.9,44.8,0.1,0.0,0.0,0.0
312,13,THEO JOHNSON,NYG,0,0,0,0,0,0,0,0,0
313,13,JALEN TOLBERT,DAL,3.5,0.0,0.0,1.3,15.8,0.1,0.0,0.0,0.0
314,13,JACOB COWING,SF,0,0,0,0,0,0,0,0,0
315,13,TYLER SCOTT,CHI,2.1,0.0,0.0,1.0,9.9,0.0,0.4,2.4,0.0
316,13,HAYDEN HURST,LAC,4.2,0.0,0.0,1.8,18.4,0.1,0.0,0.0,0.0
317,13,ROBERT WOODS,HOU,6.4,0.0,0.0,2.9,30.4,0.1,0.1,0.5,0.0
318,13,LAS VEGAS RAIDERS,LV,8.6,0.0,0.0,0.0,0.0,0.0,0.0,0.0,0.0
319,13,JERICK MCKINNON,FA,7.0,0.0,0.0,2.1,16.0,0.3,1.8,5.0,0.1
320,13,MICHAEL PENIX,ATL,0,0,0,0,0,0,0,0,0
321,13,KAREEM HUNT,FA,7.9,0.0,0.0,1.0,5.6,0.0,9.0,27.4,0.6
322,13,CAM AKERS,HOU,6.7,0.0,0.0,1.6,10.0,0.0,8.6,23.9,0.3
323,13,RONNIE RIVERS,LAR,2.2,0.0,0.0,0.6,2.4,0.0,3.6,14.3,0.0
324,13,ISAIAH SPILLER,LAC,2.1,0.0,0.0,0.7,3.8,0.0,4.1,10.7,0.0
325,13,SALVON AHMED,MIA,4.8,0.0,0.0,1.8,9.8,0.1,2.4,6.8,0.1
326,13,CHATARIUS ATWELL,LAR,7.0,0.0,0.0,2.4,30.2,0.2,0.3,1.9,0.0
327,14,RASHEEN ALI,BAL,0,0,0,0,0,0,0,0,0
328,14,KALIF RAYMOND,DET,5.7,0.0,0.0,2.1,28.8,0.1,0.4,4.4,0.0
329,14,MALIK WASHINGTON,MIA,0,0,0,0,0,0,0,0,0
330,14,DALVIN COOK,FA,2.7,0.0,0.0,1.0,5.2,0.0,4.5,14.3,0.0
331,14,TRE TUCKER,LV,4.5,0.0,0.0,1.2,20.7,0.1,0.6,4.8,0.0
332,14,JOSHUA KELLEY,FA,3.6,0.0,0.0,0.5,1.9,0.0,6.3,23.8,0.1
333,14,NELSON AGHOLOR,BAL,5.7,0.0,0.0,2.1,22.4,0.2,0.0,0.0,0.0
334,14,BO MELTON,GB,11.5,0.0,0.0,4.0,54.5,0.3,0.8,5.3,0.0
335,14,MARQUEZ VALDES-SCANTLING,BUF,3.5,0.0,0.0,1.3,19.7,0.1,0.0,0.0,0.0
336,14,ROYCE FREEMAN,DAL,4.2,0.0,0.0,0.1,1.2,0.0,7.0,29.0,0.2
337,14,DENERIC PRINCE,KC,0,0,0,0,0,0,0,0,0
338,14,SAM HOWELL,SEA,16.4,232.1,1.2,0.0,0.0,0.0,2.8,15.5,0.3
339,14,JUJU SMITH-SCHUSTER,NE,5.5,0.0,0.0,2.6,23.6,0.1,0.0,0.0,0.0
340,14,DONALD PARHAM,LAC,5.7,0.0,0.0,1.9,20.4,0.3,0.0,0.0,0.0
341,14,LOGAN THOMAS,SF,7.9,0.0,0.0,3.4,31.0,0.3,0.1,0.1,0.0
342,14,ALLEN LAZARD,NYJ,4.3,0.0,0.0,1.6,22.2,0.1,0.0,0.0,0.0
343,14,MATT BREIDA,FA,2.8,0.0,0.0,1.0,5.2,0.0,3.2,8.9,0.1
344,14,CALVIN AUSTIN,PIT,3.1,0.0,0.0,1.0,10.6,0.1,0.6,3.4,0.1
345,14,DONOVAN PEOPLES-JONES,DET,1.9,0.0,0.0,0.9,10.3,0.0,0.0,0.0,0.0
346,14,VAN JEFFERSON,PIT,2.4,0.0,0.0,1.2,12.3,0.0,0.1,0.2,0.0
347,14,ERICK ALL,CIN,0,0,0,0,0,0,0,0,0
348,14,JAUAN JENNINGS,SF,4.0,0.0,0.0,1.5,20.4,0.1,0.0,0.0,0.0
349,14,JAWHAR JORDAN,HOU,0,0,0,0,0,0,0,0,0
350,14,TY JOHNSON,BUF,3.6,0.0,0.0,0.8,6.9,0.1,3.3,14.7,0.0
351,14,HUNTER RENFROW,FA,2.9,0.0,0.0,1.5,15.0,0.0,0.0,0.0,0.0
352,14,DREW LOCK,NYG,8.0,135.8,0.8,0.0,0.0,0.0,1.3,3.5,0.0
353,14,XAVIER GIPSON,NYJ,3.5,0.0,0.0,1.2,13.5,0.0,0.5,4.0,0.1
354,14,TANNER HUDSON,CIN,6.7,0.0,0.0,3.3,29.3,0.1,0.0,0.0,0.0
355,14,PARRIS CAMPBELL,PHI,2.5,0.0,0.0,1.7,8.7,0.0,0.0,0.0,0.0
356,14,KEAONTAY INGRAM,KC,2.0,0.0,0.0,0.6,3.7,0.0,5.0,10.6,0.0
357,14,NOAH GRAY,KC,4.2,0.0,0.0,1.6,17.9,0.1,0.1,0.1,0.0
358,14,SKYY MOORE,KC,3.8,0.0,0.0,1.5,17.4,0.1,0.2,1.6,0.0
359,14,WIL LUTZ,DEN,7.6,0.0,0.0,0.0,0.0,0.0,0.0,0.0,0.0
360,14,KYLEN GRANSON,IND,4.9,0.0,0.0,2.0,24.5,0.1,0.1,0.1,0.0
361,14,WILL DISSLY,LAC,2.5,0.0,0.0,1.1,10.8,0.1,0.0,0.0,0.0
362,14,JOE FLACCO,IND,21.8,323.2,2.6,0.0,0.0,0.0,1.8,0.4,0.0
363,14,TAMPA BAY BUCCANEERS,TB,7.8,0.0,0.0,0.0,0.0,0.0,0.0,0.0,0.0
364,14,JOHN METCHIE,HOU,2.0,0.0,0.0,1.0,9.9,0.0,0.1,0.3,0.0
365,14,BRANDON POWELL,MIN,3.9,0.0,0.0,1.7,19.1,0.1,0.3,1.0,0.0
366,14,CRAIG REYNOLDS,DET,2.0,0.0,0.0,0.3,3.1,0.0,2.7,11.9,0.1
367,14,TIM PATRICK,DEN,0,0,0,0,0,0,0,0,0
368,14,PARKER WASHINGTON,JAC,4.4,0.0,0.0,1.8,14.7,0.2,0.0,0.0,0.0
369,14,LOS ANGELES RAMS,LAR,4.9,0.0,0.0,0.0,0.0,0.0,0.0,0.0,0.0
370,14,DAVIS ALLEN,LAR,1.7,0.0,0.0,0.7,6.3,0.1,0.0,0.0,0.0
371,14,KENNY PICKETT,PHI,9.5,172.5,0.5,0.0,0.0,0.0,3.5,4.5,0.1
372,14,JOHNNY WILSON,PHI,0,0,0,0,0,0,0,0,0
373,14,JAMEIS WINSTON,CLE,2.1,37.7,0.3,0.0,0.0,0.0,0.7,-0.9,0.0
374,14,CHRIS BOSWELL,PIT,7.8,0.0,0.0,0.0,0.0,0.0,0.0,0.0,0.0
375,14,JUSTIN WATSON,KC,5.6,0.0,0.0,1.7,28.8,0.2,0.0,0.0,0.0
376,14,LATAVIUS MURRAY,FA,5.2,0.0,0.0,1.1,7.4,0.0,4.9,18.8,0.3
377,14,BREVIN JORDAN,HOU,3.9,0.0,0.0,1.3,16.8,0.2,0.0,0.0,0.0
378,14,CADE STOVER,HOU,0,0,0,0,0,0,0,0,0
379,14,ISAIAH DAVIS,NYJ,0,0,0,0,0,0,0,0,0
380,14,AINIAS SMITH,PHI,0,0,0,0,0,0,0,0,0
381,14,JEREMY RUCKERT,NYJ,2.1,0.0,0.0,1.1,10.1,0.0,0.0,0.0,0.0
382,14,JOHN MUNDT,MIN,2.4,0.0,0.0,1.0,10.1,0.1,0.0,0.0,0.0
383,14,JOSH OLIVER,MIN,3.1,0.0,0.0,1.3,12.5,0.1,0.0,0.0,0.0
384,14,CEDRICK WILSON,NO,4.6,0.0,0.0,1.5,19.7,0.2,0.0,0.0,0.0
385,14,BLAKE WATSON,DEN,0,0,0,0,0,0,0,0,0
386,15,SEATTLE SEAHAWKS,SEA,6.4,0.0,0.0,0.0,0.0,0.0,0.0,0.0,0.0
387,15,NYHEIM HINES,CLE,0,0,0,0,0,0,0,0,0
388,15,JAHEIM BELL,NE,0,0,0,0,0,0,0,0,0
389,15,NEW YORK GIANTS,NYG,7.7,0.0,0.0,0.0,0.0,0.0,0.0,0.0,0.0
390,15,JAKE BATES,DET,0,0,0,0,0,0,0,0,0
391,15,JARRETT STIDHAM,DEN,9.2,165.3,0.7,0.0,0.0,0.0,3.0,2.7,0.0
392,15,SEAN TUCKER,TB,1.0,0.0,0.0,0.4,1.8,0.0,3.0,4.6,0.0
393,15,JAKE BROWNING,CIN,16.8,215.1,1.3,0.0,0.0,0.0,3.0,14.1,0.3
394,15,BRANDON MCMANUS,FA,8.6,0.0,0.0,0.0,0.0,0.0,0.0,0.0,0.0
395,15,AMEER ABDULLAH,LV,2.4,0.0,0.0,1.1,7.7,0.0,0.9,5.2,0.0
396,15,GREG JOSEPH,GB,7.0,0.0,0.0,0.0,0.0,0.0,0.0,0.0,0.0
397,15,KENNY MCINTOSH,SEA,0,0,0,0,0,0,0,0,0
398,15,TOMMY TREMBLE,CAR,3.8,0.0,0.0,1.4,12.1,0.2,0.0,0.0,0.0
399,15,DARNELL WASHINGTON,PIT,0.8,0.0,0.0,0.4,3.6,0.0,0.0,0.0,0.0
400,15,TRENTON IRWIN,CIN,3.9,0.0,0.0,1.6,19.8,0.1,0.0,0.0,0.0
401,15,JASE MCCLELLAN,ATL,0,0,0,0,0,0,0,0,0
402,15,MACK HOLLINS,BUF,3.3,0.0,0.0,1.4,19.3,0.0,0.0,0.0,0.0
403,15,ADAM TRAUTMAN,DEN,3.6,0.0,0.0,1.3,12.0,0.2,0.0,0.0,0.0
404,15,FRANK GORE,BUF,0,0,0,0,0,0,0,0,0
405,15,JARET PATTERSON,LAC,0,0,0,0,0,0,0,0,0
406,15,CHARLIE JONES,CIN,1.9,0.0,0.0,0.6,5.8,0.0,0.2,1.2,0.0
407,15,TRAYVEON WILLIAMS,CIN,0.9,0.0,0.0,0.4,0.6,0.0,0.9,4.1,0.0
408,15,CHASE MCLAUGHLIN,TB,8.0,0.0,0.0,0.0,0.0,0.0,0.0,0.0,0.0
409,15,LOS ANGELES CHARGERS,LAC,6.6,0.0,0.0,0.0,0.0,0.0,0.0,0.0,0.0
410,15,MATT PRATER,ARI,7.6,0.0,0.0,0.0,0.0,0.0,0.0,0.0,0.0
411,15,CHASE CLAYPOOL,BUF,2.0,0.0,0.0,0.7,7.0,0.1,0.0,0.0,0.0
412,15,NICK WESTBROOK,TEN,6.1,0.0,0.0,2.0,26.4,0.2,0.0,0.0,0.0
413,15,CHRIS MOORE,ARI,4.0,0.0,0.0,1.3,24.9,0.0,0.1,2.3,0.0
414,15,QUEZ WATKINS,PIT,3.9,0.0,0.0,1.7,15.8,0.1,0.0,0.0,0.0
415,15,BRAXTON BERRIOS,MIA,3.6,0.0,0.0,1.7,14.9,0.1,0.1,0.7,0.0
416,15,AUSTIN HOOPER,NE,2.8,0.0,0.0,1.5,13.8,0.0,0.0,0.0,0.0
417,15,CAM LITTLE,JAC,0,0,0,0,0,0,0,0,0
418,15,CAROLINA PANTHERS,CAR,4.2,0.0,0.0,0.0,0.0,0.0,0.0,0.0,0.0
419,15,CASEY WASHINGTON,ATL,0,0,0,0,0,0,0,0,0
420,15,MALIK DAVIS,DAL,0.0,0.0,0.0,0.0,0.0,0.0,0.0,0.0,0.0
421,15,RYAN FLOURNOY,DAL,0,0,0,0,0,0,0,0,0
422,15,KYLE JUSZCZYK,SF,2.3,0.0,0.0,0.8,7.0,0.1,0.3,0.4,0.0
423,15,ISAIAH HODGINS,NYG,3.5,0.0,0.0,1.2,13.5,0.2,0.0,0.0,0.0
424,15,BOSTON SCOTT,LAR,1.3,0.0,0.0,0.3,4.3,0.0,1.7,7.2,0.0
425,15,ATLANTA FALCONS,ATL,5.6,0.0,0.0,0.0,0.0,0.0,0.0,0.0,0.0
426,15,XAVIER HUTCHINSON,HOU,1.5,0.0,0.0,0.5,6.0,0.0,0.3,3.3,0.0
427,15,JAMARI THRASH,CLE,0,0,0,0,0,0,0,0,0
428,15,MICHAEL GALLUP,FA,5.2,0.0,0.0,2.0,24.6,0.1,0.0,0.0,0.0
429,15,DEEJAY DALLAS,ARI,0.5,0.0,0.0,0.4,1.5,0.0,0.6,2.1,0.0
430,15,JARED WILEY,KC,0,0,0,0,0,0,0,0,0
431,15,LUCAS KRULL,DEN,3.4,0.0,0.0,1.1,13.6,0.1,0.0,0.0,0.0
432,15,WILL REICHARD,MIN,0,0,0,0,0,0,0,0,0
433,15,JORDAN WHITTINGTON,LAR,0,0,0,0,0,0,0,0,0
434,15,GRAHAM GANO,NYG,6.3,0.0,0.0,0.0,0.0,0.0,0.0,0.0,0.0
435,15,WILL MALLORY,IND,3.2,0.0,0.0,1.5,17.3,0.0,0.0,0.0,0.0
436,15,LUKE SCHOONMAKER,DAL,1.6,0.0,0.0,0.5,3.8,0.1,0.0,0.0,0.0
437,15,JAKE BOBO,SEA,3.3,0.0,0.0,1.1,11.5,0.1,0.1,0.2,0.1
438,15,MECOLE HARDMAN,KC,2.6,0.0,0.0,1.5,12.4,0.0,0.1,0.3,0.0
439,15,SPENCER RATTLER,NO,0,0,0,0,0,0,0,0,0
440,15,ROBERT TONYAN,MIN,1.3,0.0,0.0,0.6,6.6,0.0,0.0,0.0,0.0
441,15,TERRACE MARSHALL,CAR,3.7,0.0,0.0,2.1,15.4,0.0,0.0,0.0,0.0
442,15,WASHINGTON COMMANDERS,WAS,3.8,0.0,0.0,0.0,0.0,0.0,0.0,0.0,0.0
443,15,FOSTER MOREAU,NO,3.1,0.0,0.0,1.4,12.9,0.1,0.0,0.0,0.0
444,15,JALEN NAILOR,MIN,1.0,0.0,0.0,0.5,4.8,0.0,0.0,0.0,0.0
445,15,JERROD MEANS,NO,0,0,0,0,0,0,0,0,0
446,15,KEVIN HARRIS,NE,5.3,0.0,0.0,0.8,14.5,0.0,4.0,16.3,0.3
447,15,TYQUAN THORNTON,NE,3.0,0.0,0.0,1.4,10.1,0.0,0.3,5.7,0.0
448,15,DAVID BELL,CLE,3.2,0.0,0.0,0.9,11.1,0.2,0.0,0.0,0.0
449,15,RAY RAY MCCLOUD,ATL,2.4,0.0,0.0,1.0,11.3,0.0,0.3,2.5,0.0
450,15,KAVONTAE TURPIN,DAL,3.7,0.0,0.0,0.8,7.9,0.2,0.7,6.9,0.1
451,15,ISAIAH MCKENZIE,NYG,1.3,0.0,0.0,0.8,6.3,0.0,0.2,1.1,0.0
452,15,KENDALL MILTON,PHI,0,0,0,0,0,0,0,0,0
453,15,CORNELIUS JOHNSON,LAC,0,0,0,0,0,0,0,0,0
454,15,JAMISON CROWDER,WAS,2.1,0.0,0.0,0.9,9.4,0.1,0.0,0.0,0.0
455,15,TYLER GOODSON,IND,3.0,0.0,0.0,1.0,5.7,0.0,2.2,14.5,0.0
456,15,ZACH EVANS,LAR,0.5,0.0,0.0,0.0,0.0,0.0,2.3,4.8,0.0
457,15,MAC JONES,JAC,10.8,192.7,0.9,0.0,0.0,0.0,2.4,8.7,0.0
458,15,CHRIS EVANS,CIN,0.3,0.0,0.0,0.1,-0.1,0.0,0.3,1.7,0.0
459,15,RAHEEM BLACKSHEAR,CAR,1.6,0.0,0.0,0.5,4.1,0.0,1.3,4.2,0.0
460,15,KYLE PHILIPS,TEN,3.5,0.0,0.0,1.7,20.1,0.0,0.0,0.0,0.0
461,15,TYROD TAYLOR,NYJ,8.2,121.9,0.5,0.0,0.0,0.0,3.5,17.9,0.0
462,15,EDDY PINEIRO,CAR,7.3,0.0,0.0,0.0,0.0,0.0,0.0,0.0,0.0
463,15,JUSTYN ROSS,KC,1.1,0.0,0.0,0.6,5.3,0.0,0.0,0.0,0.0
464,15,COLE TURNER,WAS,1.9,0.0,0.0,0.9,10.0,0.0,0.0,0.0,0.0
465,15,IAN THOMAS,CAR,0.9,0.0,0.0,0.4,4.7,0.0,0.0,0.0,0.0
466,16,IRV SMITH,KC,2.8,0.0,0.0,1.5,9.6,0.1,0.0,0.0,0.0
467,16,DURHAM SMYTHE,MIA,4.5,0.0,0.0,2.2,22.9,0.0,0.0,0.0,0.0
468,16,BROCK WRIGHT,DET,2.0,0.0,0.0,0.9,6.5,0.1,0.0,0.0,0.0
469,16,JALEN BROOKS,DAL,1.8,0.0,0.0,0.9,9.1,0.0,0.0,0.0,0.0
470,16,HASSAN HASKINS,TEN,0,0,0,0,0,0,0,0,0
471,16,AJ BARNER,SEA,0,0,0,0,0,0,0,0,0
472,16,RILEY PATTERSON,WAS,6.2,0.0,0.0,0.0,0.0,0.0,0.0,0.0,0.0
473,16,CODY SCHRADER,SF,0,0,0,0,0,0,0,0,0
474,16,DYAMI BROWN,WAS,2.1,0.0,0.0,0.7,9.9,0.1,0.1,0.0,0.0
475,16,KENE NWANGWU,MIN,0.2,0.0,0.0,0.0,0.0,0.0,0.6,1.6,0.0
476,16,DEVIN DUVERNAY,JAC,0.6,0.0,0.0,0.3,1.4,0.0,0.3,1.2,0.0
477,16,TRENT SHERFIELD,MIN,1.5,0.0,0.0,0.6,5.1,0.1,0.0,0.0,0.0
478,16,DILLON JOHNSON,CAR,0,0,0,0,0,0,0,0,0
479,16,ZACH WILSON,DEN,10.6,189.3,0.7,0.0,0.0,0.0,3.0,17.6,0.0
480,16,LEONARD FOURNETTE,FA,2.0,0.0,0.0,0.0,0.0,0.0,6.0,20.0,0.0
481,16,JOSHUA DOBBS,SF,16.2,189.5,1.0,0.0,0.0,0.0,5.9,32.4,0.5
482,16,DERIUS DAVIS,LAC,2.1,0.0,0.0,0.9,3.9,0.0,0.8,5.9,0.0
483,16,OLAMIDE ZACCHEAUS,WAS,2.3,0.0,0.0,0.6,9.6,0.1,0.0,0.0,0.0
484,16,TIP REIMAN,ARI,0,0,0,0,0,0,0,0,0
485,16,MICHAEL WILEY,WAS,0,0,0,0,0,0,0,0,0
486,16,NICK FOLK,TEN,7.7,0.0,0.0,0.0,0.0,0.0,0.0,0.0,0.0
487,16,JOSH WHYLE,TEN,2.2,0.0,0.0,0.8,8.5,0.1,0.0,0.0,0.0
488,16,ALLEN ROBINSON,NYG,3.6,0.0,0.0,2.0,16.5,0.0,0.0,0.0,0.0
489,16,ANDY DALTON,CAR,7.9,120.3,0.7,0.0,0.0,0.0,1.0,4.0,0.0
490,16,JORDAN AKINS,CLE,1.7,0.0,0.0,0.9,7.8,0.0,0.0,0.0,0.0
491,16,CARSON WENTZ,KC,13.6,81.5,1.0,0.0,0.0,0.0,8.5,28.0,0.5
492,16,TREY LANCE,DAL,0,0,0,0,0,0,0,0,0
493,16,ANTHONY GOULD,IND,0,0,0,0,0,0,0,0,0
494,16,KEILAN ROBINSON,JAC,0,0,0,0,0,0,0,0,0
495,16,PATRICK TAYLOR,SF,2.7,0.0,0.0,1.0,4.5,0.0,2.9,12.8,0.0
496,16,CHRISTOPHER BROOKS,MIA,2.6,0.0,0.0,0.0,0.0,0.0,4.8,26.5,0.0
497,16,AVERY WILLIAMS,ATL,0,0,0,0,0,0,0,0,0
498,16,CONNOR HEYWARD,PIT,2.3,0.0,0.0,1.4,9.8,0.0,0.1,0.0,0.0
499,16,DREW SAMPLE,CIN,3.0,0.0,0.0,1.3,9.6,0.1,0.0,0.0,0.0
500,16,MO ALIE-COX,IND,2.9,0.0,0.0,0.8,9.5,0.2,0.0,0.0,0.0
501,16,BRENTON STRANGE,JAC,1.0,0.0,0.0,0.4,2.5,0.1,0.0,0.0,0.0
502,16,SIONE HOUMA,DET,0,0,0,0,0,0,0,0,0
