PPR_POS_RK,PPR_POS_TIERS,PLAYER NAME,TEAM,PPR_AVG_FAN PTS,AVG_TGT,AVG_REC,AVG_REC_YDS,AVG_REC_TDS,AVG_RUSH_ATT,AVG_RUSH_YDS,AVG_RUSH_TDS
1,1,SAM LAPORTA,DET,14.1,7.1,5.1,52.3,0.6,0.1,0.2,0.0
2,1,TRAVIS KELCE,KC,14.6,8.1,6.2,65.6,0.3,0.0,0.0,0.0
3,1,TREY MCBRIDE,ARI,10.7,6.2,4.8,48.5,0.2,0.0,0.0,0.0
4,1,MARK ANDREWS,BAL,13.5,6.1,4.5,54.4,0.6,0.1,0.0,0.0
5,2,DALTON KINCAID,BUF,9.4,5.7,4.6,42.1,0.1,0.0,0.0,0.0
6,2,EVAN ENGRAM,JAC,13.5,8.4,6.7,56.6,0.2,0.0,0.0,0.0
7,2,KYLE PITTS,ATL,8.1,5.3,3.1,39.2,0.2,0.1,-0.2,0.0
8,2,GEORGE KITTLE,SF,12.7,5.6,4.1,63.8,0.4,0.1,0.1,0.0
9,2,JAKE FERGUSON,DAL,10.4,6.0,4.2,44.8,0.3,0.0,0.0,0.0
10,3,DAVID NJOKU,CLE,12.6,7.7,5.1,55.1,0.4,0.0,0.0,0.0
11,3,BROCK BOWERS,LV,0,0,0,0,0,0,0,0
12,3,DALLAS GOEDERT,PHI,9.7,5.9,4.2,42.3,0.2,0.1,0.1,0.0
13,3,PAT FREIERMUTH,PIT,6.4,3.9,2.7,25.7,0.2,0.0,0.0,0.0
14,3,DALTON SCHULTZ,HOU,10.0,5.9,3.9,42.3,0.3,0.0,0.0,0.0
15,3,TJ HOCKENSON,MIN,14.6,8.5,6.3,64.0,0.3,0.0,0.0,0.0
16,3,COLE KMET,CHI,10.7,5.3,4.3,42.3,0.4,0.2,0.1,0.0
17,3,LUKE MUSGRAVE,GB,6.8,4.2,3.1,32.0,0.1,0.0,0.0,0.0
18,4,HUNTER HENRY,NE,8.6,4.4,3.0,29.9,0.4,0.0,0.0,0.0
19,4,CADE OTTON,TB,6.9,3.9,2.8,26.8,0.2,0.0,0.0,0.0
20,4,TYLER CONKLIN,NYJ,7.2,5.1,3.6,36.5,0.0,0.1,0.0,0.0
21,4,CHIGOZIEM OKONKWO,TEN,6.7,4.5,3.2,31.1,0.1,0.1,0.4,0.0
22,4,NOAH FANT,SEA,4.3,2.5,1.9,24.4,0.0,0.0,0.0,0.0
23,4,TAYSOM HILL,NO,9.0,2.5,2.1,18.2,0.1,5.1,25.1,0.3
24,4,BEN SINNOTT,WAS,0,0,0,0,0,0,0,0
25,4,JUWAN JOHNSON,NO,7.5,4.5,2.8,28.3,0.3,0.0,0.0,0.0
26,4,ISAIAH LIKELY,BAL,5.9,2.4,1.8,24.2,0.3,0.0,0.0,0.0
27,4,MIKE GESICKI,CIN,3.8,2.6,1.7,14.4,0.1,0.0,0.0,0.0
28,4,TUCKER KRAFT,GB,4.6,2.4,1.8,20.9,0.1,0.0,0.0,0.0
29,4,MICHAEL MAYER,LV,5.1,2.9,1.9,21.7,0.1,0.0,0.0,0.0
30,5,JELANI WOODS,IND,0,0,0,0,0,0,0,0
31,5,DAWSON KNOX,BUF,4.5,3.0,1.8,15.5,0.2,0.0,0.0,0.0
32,5,JATAVION SANDERS,CAR,0,0,0,0,0,0,0,0
33,5,GERALD EVERETT,CHI,7.4,4.7,3.4,27.4,0.2,0.2,0.7,0.0
34,5,TYLER HIGBEE,LAR,7.2,4.7,3.1,33.0,0.1,0.0,0.0,0.0
35,5,ZACH ERTZ,WAS,7.4,6.1,3.9,26.7,0.1,0.0,0.0,0.0
36,5,JONNU SMITH,MIA,7.3,4.1,2.9,34.2,0.2,0.1,0.0,0.0
37,5,GREG DULCICH,DEN,2.8,2.0,1.5,12.5,0.0,0.0,0.0,0.0
38,5,DANIEL BELLINGER,NYG,3.0,1.6,1.5,15.0,0.0,0.0,0.0,0.0
39,5,THEO JOHNSON,NYG,0,0,0,0,0,0,0,0
40,5,COLBY PARKINSON,LAR,3.6,2.0,1.5,14.5,0.1,0.0,0.0,0.0
41,6,HAYDEN HURST,LAC,4.2,3.2,1.8,18.4,0.1,0.0,0.0,0.0
42,6,DONALD PARHAM,LAC,5.7,2.9,1.9,20.4,0.3,0.0,0.0,0.0
43,6,ERICK ALL,CIN,0,0,0,0,0,0,0,0
44,6,NOAH GRAY,KC,4.2,2.4,1.6,17.9,0.1,0.1,0.1,0.0
45,6,KYLEN GRANSON,IND,4.9,3.3,2.0,24.5,0.1,0.1,0.1,0.0
46,6,LOGAN THOMAS,SF,7.9,4.9,3.4,31.0,0.3,0.1,0.1,0.0
47,6,TANNER HUDSON,CIN,6.7,4.2,3.3,29.3,0.1,0.0,0.0,0.0
48,6,BREVIN JORDAN,HOU,3.9,1.6,1.3,16.8,0.2,0.0,0.0,0.0
49,6,WILL DISSLY,LAC,2.5,1.4,1.1,10.8,0.1,0.0,0.0,0.0
50,6,JEREMY RUCKERT,NYJ,2.1,1.5,1.1,10.1,0.0,0.0,0.0,0.0
51,6,CADE STOVER,HOU,0,0,0,0,0,0,0,0
52,7,JOSH OLIVER,MIN,3.1,1.6,1.3,12.5,0.1,0.0,0.0,0.0
53,7,DAVIS ALLEN,LAR,1.7,0.7,0.7,6.3,0.1,0.0,0.0,0.0
54,7,JAHEIM BELL,NE,0,0,0,0,0,0,0,0
55,7,JOHN MUNDT,MIN,2.4,1.4,1.0,10.1,0.1,0.0,0.0,0.0
56,7,TOMMY TREMBLE,CAR,3.8,2.0,1.4,12.1,0.2,0.0,0.0,0.0
57,7,ADAM TRAUTMAN,DEN,3.6,2.1,1.3,12.0,0.2,0.0,0.0,0.0
58,7,DARNELL WASHINGTON,PIT,0.8,0.6,0.4,3.6,0.0,0.0,0.0,0.0
59,7,AUSTIN HOOPER,NE,2.8,1.8,1.5,13.8,0.0,0.0,0.0,0.0
60,7,LUKE SCHOONMAKER,DAL,1.6,0.9,0.5,3.8,0.1,0.0,0.0,0.0
61,7,COLE TURNER,WAS,1.9,1.3,0.9,10.0,0.0,0.0,0.0,0.0
62,7,WILL MALLORY,IND,3.2,2.2,1.5,17.3,0.0,0.0,0.0,0.0
63,7,FOSTER MOREAU,NO,3.1,1.7,1.4,12.9,0.1,0.0,0.0,0.0
64,7,DURHAM SMYTHE,MIA,4.5,2.7,2.2,22.9,0.0,0.0,0.0,0.0
65,7,LUCAS KRULL,DEN,3.4,2.0,1.1,13.6,0.1,0.0,0.0,0.0
66,7,JARED WILEY,KC,0,0,0,0,0,0,0,0
67,7,BROCK WRIGHT,DET,2.0,1.0,0.9,6.5,0.1,0.0,0.0,0.0
68,7,AJ BARNER,SEA,0,0,0,0,0,0,0,0
69,7,IRV SMITH,KC,2.8,2.2,1.5,9.6,0.1,0.0,0.0,0.0
70,7,CONNOR HEYWARD,PIT,2.3,2.0,1.4,9.8,0.0,0.1,0.0,0.0
71,7,TIP REIMAN,ARI,0,0,0,0,0,0,0,0
72,8,JOSH WHYLE,TEN,2.2,1.4,0.8,8.5,0.1,0.0,0.0,0.0
73,8,DREW SAMPLE,CIN,3.0,1.6,1.3,9.6,0.1,0.0,0.0,0.0
74,8,PHARAOH BROWN,SEA,2.2,0.9,0.8,12.2,0.1,0.0,0.0,0.0
75,8,ROBERT TONYAN,MIN,1.3,1.0,0.6,6.6,0.0,0.0,0.0,0.0
76,8,HARRISON BRYANT,LV,2.2,1.2,0.8,4.8,0.2,0.3,0.5,0.0
77,8,MO ALIE-COX,IND,2.9,1.3,0.8,9.5,0.2,0.0,0.0,0.0
78,8,JORDAN AKINS,CLE,1.7,1.4,0.9,7.8,0.0,0.0,0.0,0.0
79,8,IAN THOMAS,CAR,0.9,0.8,0.4,4.7,0.0,0.0,0.0,0.0
80,8,DALLIN HOLKER,NO,0,0,0,0,0,0,0,0
81,8,BRENTON STRANGE,JAC,1.0,0.6,0.4,2.5,0.1,0.0,0.0,0.0
82,8,TANNER MCLACHLAN,CIN,0,0,0,0,0,0,0,0
83,8,JOHN BATES,WAS,2.0,1.6,1.1,8.9,0.0,0.0,0.0,0.0
84,8,CHARLIE KOLAR,BAL,1.6,0.6,0.5,6.2,0.1,0.0,0.0,0.0
85,8,PEYTON HENDERSHOT,DAL,1.0,0.9,0.5,4.8,0.0,0.1,0.0,0.0
86,8,STONE SMARTT,LAC,2.0,1.3,0.7,9.7,0.1,0.0,0.0,0.0
87,8,LUKE FARRELL,JAC,1.7,0.9,0.8,9.1,0.0,0.0,0.0,0.0
88,8,CJ UZOMAH,PHI,1.7,1.0,0.7,4.8,0.1,0.0,0.0,0.0
89,8,KO KIEFT,TB,0.5,0.3,0.1,0.1,0.1,0.0,0.0,0.0
90,8,ALBERT OKWUEGBUNAM,PHI,0.0,0.3,0.0,0.0,0.0,0.0,0.0,0.0
91,8,ZACK KUNTZ,NYJ,0.0,0.0,0.0,0.0,0.0,0.0,0.0,0.0
92,8,ELIJAH HIGGINS,ARI,3.3,1.7,1.3,14.8,0.1,0.0,0.0,0.0
93,9,ANDREW OGLETREE,IND,3.0,1.8,0.8,12.3,0.2,0.0,0.0,0.0
94,9,CHARLIE WOERNER,ATL,0.4,0.2,0.2,1.9,0.0,0.0,0.0,0.0
95,9,JACK STOLL,NYG,0.5,0.5,0.3,2.2,0.0,0.0,0.0,0.0
96,9,CAMERON LATU,SF,0,0,0,0,0,0,0,0
97,9,BRYSON SUMLIN,FA,0,0,0,0,0,0,0,0
98,9,MYCOLE PRUITT,PIT,1.5,0.7,0.5,6.5,0.1,0.0,0.0,0.0
99,9,DYLAN PARHAM,FA,0,0,0,0,0,0,0,0
100,9,ZAC PARKER,FA,0,0,0,0,0,0,0,0
101,9,STEPHEN SULLIVAN,CAR,2.2,2.2,1.1,11.4,0.0,0.0,0.0,0.0
102,9,DEVIN CULP,TB,0,0,0,0,0,0,0,0
103,9,PAYNE DURHAM,TB,0.8,0.5,0.4,4.5,0.0,0.0,0.0,0.0
104,9,JOSIAH DEGUARA,JAC,1.0,0.5,0.5,4.3,0.0,0.0,0.0,0.0
105,9,JAMES MITCHELL,DET,0.3,0.1,0.1,2.0,0.0,0.0,0.0,0.0
106,9,JULIAN HILL,MIA,0.6,0.6,0.4,3.2,0.0,0.0,0.0,0.0
107,9,JOE FORTSON,MIA,0,0,0,0,0,0,0,0
108,9,ROSS DWELLEY,ATL,0.2,0.2,0.1,1.0,0.0,0.0,0.0,0.0
109,9,CHRIS MANHERTZ,NYG,0.2,0.3,0.1,1.0,0.0,0.0,0.0,0.0
110,9,QUINTIN MORRIS,BUF,0.7,0.2,0.1,1.7,0.1,0.0,0.0,0.0
111,9,HUNTER LONG,LAR,0.0,0.0,0.0,0.0,0.0,0.0,0.0,0.0
112,9,KENNY YEBOAH,NYJ,1.0,0.8,0.4,5.6,0.0,0.0,0.0,0.0
113,9,BREVYN SPANN-FORD,DAL,0,0,0,0,0,0,0,0
114,9,TUCKER FISK,FA,0.3,0.2,0.2,1.5,0.0,0.0,0.0,0.0
115,9,JESPER HORSTED,FA,0.3,0.2,0.2,0.8,0.0,0.0,0.0,0.0
116,9,TEAGAN QUITORIANO,HOU,0.8,0.4,0.3,4.7,0.0,0.0,0.0,0.0
117,9,MARCEDES LEWIS,CHI,0.8,0.3,0.2,1.7,0.1,0.0,0.0,0.0
118,9,GEOFF SWAIM,FA,1.4,0.8,0.7,6.7,0.0,0.0,0.0,0.0
119,9,BRYCEN HOPKINS,FA,0.9,0.5,0.3,5.2,0.0,0.0,0.0,0.0
120,9,GIOVANNI RICCI,CLE,0.2,0.2,0.2,0.3,0.0,0.0,0.0,0.0
121,9,ERIC SAUBERT,SF,0.5,0.4,0.4,1.5,0.0,0.0,0.0,0.0
122,9,JIMMY GRAHAM,FA,2.6,0.5,0.5,3.0,0.3,0.0,0.0,0.0
123,9,SEAN MCKEON,DET,0.0,0.2,0.0,0.0,0.0,0.0,0.0,0.0
124,9,JACK WESTOVER,SEA,0,0,0,0,0,0,0,0
125,9,TYLER MABRY,SEA,0,0,0,0,0,0,0,0
126,9,GRANT CALCATERRA,PHI,0.6,0.3,0.3,2.8,0.0,0.0,0.0,0.0
127,10,MITCHELL WILCOX,NE,0.9,0.7,0.5,3.3,0.0,0.0,0.0,0.0
128,10,DANIEL MARX,FA,0,0,0,0,0,0,0,0
129,10,BEN SIMS,GB,0.8,0.4,0.3,1.3,0.1,0.0,0.0,0.0
130,10,RODNEY WILLIAMS,PIT,0.0,0.2,0.0,0.0,0.0,0.0,0.0,0.0
131,10,TOMMY HUDSON,NO,0,0,0,0,0,0,0,0
132,10,BRAYDEN WILLIS,SF,0.0,0.0,0.0,0.0,0.0,0.0,0.0,0.0
133,10,SHANE ZYLSTRA,DET,0,0,0,0,0,0,0,0
134,10,NATE ADKINS,DEN,0.6,0.5,0.4,2.2,0.0,0.0,0.0,0.0
135,10,ANTHONY FIRKSER,NYJ,0.0,0.0,0.0,0.0,0.0,0.0,0.0,0.0
136,10,NICK GUGGEMOS,FA,0,0,0,0,0,0,0,0
137,10,COLE FOTHERINGHAM,LV,0.8,0.5,0.5,3.0,0.0,0.0,0.0,0.0
138,10,TREVON WESCO,FA,0.2,0.2,0.1,1.4,0.0,0.0,0.0,0.0
139,10,DAVID WELLS,TB,0.2,0.4,0.4,-2.0,0.0,0.0,0.0,0.0
140,10,TYLER KROFT,FA,0.0,0.0,0.0,0.0,0.0,0.0,0.0,0.0
141,10,ZACH DAVIDSON,BUF,0,0,0,0,0,0,0,0
142,10,ERIC TOMLINSON,IND,0,0,0,0,0,0,0,0
143,10,TIM BOYLE,FA,0,0,0,0,0,0,0,0
144,10,NICK VANNETT,TEN,0.2,0.1,0.1,0.4,0.0,0.0,0.0,0.0
145,10,BLAKE BELL,FA,0.7,0.5,0.3,1.5,0.1,0.0,0.0,0.0
146,10,ANDREW BECK,HOU,2.6,0.9,0.7,3.7,0.1,0.3,0.2,0.1
147,10,ZACH GENTRY,LV,0.0,0.0,0.0,0.0,0.0,0.0,0.0,0.0
148,10,NOAH TOGIAI,FA,0.0,0.0,0.0,0.0,0.0,0.0,0.0,0.0
149,10,CURTIS HODGES,FA,0,0,0,0,0,0,0,0
